id,profit
6701,9.248798068
6702,31.7969697
6703,9.747574782
6704,2.495286803
6705,16.7841682
6706,59.3512584
6707,9.472785993
6708,4.281675887
6709,9.472785993
6710,-0.013477172
6711,-15.40254164
6712,16.54812569
6713,28.2437097
6714,22.82174972
6715,17.39173146
6716,20.46119773
6717,22.86599541
6718,32.44857037
6719,18.80991808
6720,37.89308982
6721,20.06342425
6722,10.31525582
6723,29.96371547
6724,9.905329924
6725,10.09966333
6726,10.08771283
6727,8.745842906
6728,-196.047467
6729,-4.202712711
6730,107.7175909
6731,-0.086239756
6732,21.85867963
6733,8.899054364
6734,16.05674402
6735,21.79249731
6736,0.659312589
6737,-8.816401153
6738,10.64318903
6739,15.24461581
6740,585.8607264
6741,1.327719048
6742,14.16878269
6743,-57.53082623
6744,39.66783894
6745,48.36189868
6746,12.32918744
6747,53.72438329
6748,46.78482743
6749,-28.12620035
6750,8.899054364
6751,21.26297842
6752,11.53611421
6753,15.33630692
6754,10.86687473
6755,29.78541746
6756,47.20483863
6757,-246.1203603
6758,-52.89323378
6759,-67.1869259
6760,6.440056879
6761,22.26261956
6762,13.19020086
6763,-9.114830669
6764,9.248798068
6765,7.171594383
6766,17.61987253
6767,-5.356761673
6768,8.602397522
6769,10.00719637
6770,14.30382889
6771,13.27769641
6772,148.7904989
6773,-238.2789925
6774,2576.941229
6775,-15.13410695
6776,-15.13410695
6777,-397.1269198
6778,4.780127848
6779,9.587978357
6780,20.09696107
6781,32.53366037
6782,7.242339989
6783,4.850873453
6784,14.74445818
6785,-2.558327373
6786,3.791980279
6787,47.73459585
6788,28.40538222
6789,-19.70990799
6790,-68.40924821
6791,-41.81043763
6792,-14.78104236
6793,-14.78104236
6794,-57.36728623
6795,120.2570561
6796,127.3888728
6797,1.079801899
6798,-1432.980488
6799,11.28130174
6800,19.11106255
6801,26.35620296
6802,13.68897758
6803,9.248798068
6804,-39.80127278
6805,14.16878269
6806,4.395387084
6807,-28.23151327
6808,-5.34538225
6809,4143.524331
6810,68.48321495
6811,13.63028746
6812,3.311584754
6813,-69.50642397
6814,5.51725396
6815,16.18618939
6816,49.39747409
6817,19.87962376
6818,9.467071385
6819,1.598466123
6820,13.95741226
6821,12.7634164
6822,36.34706378
6823,225.8003703
6824,39.55916929
6825,13.11997999
6826,14.00918626
6827,-2.920379235
6828,3.353759504
6829,8.464532371
6830,31.6845906
6831,-5.356761673
6832,-5.356761673
6833,45.77750739
6834,9.171919841
6835,26.29249958
6836,4.850873453
6837,10.63010756
6838,10.39050175
6839,39.50705565
6840,13.17600134
6841,12.90756666
6842,21.80558236
6843,18.92816012
6844,33.96371565
6845,13.40634337
6846,32.09717554
6847,9.820979434
6848,-39.0422944
6849,14.33190455
6850,-186.7595417
6851,-4.784580308
6852,-129.9390717
6853,30.30154732
6854,12.82784395
6855,-126.4341672
6856,24.13126116
6857,19.29122722
6858,55.07653879
6859,3.7949153
6860,-256.2368996
6861,6.160180931
6862,23.39395484
6863,13.76238223
6864,-0.584845212
6865,-28.37146669
6866,31.8778609
6867,20.83569002
6868,14.6839931
6869,46.32987072
6870,32.37424508
6871,45.1329584
6872,65.48304547
6873,70.67866401
6874,29.8027706
6875,25.1046082
6876,18.81191951
6877,-4.017969128
6878,-27.48327338
6879,127.0770245
6880,22.40344895
6881,-4.713834702
6882,9.728527103
6883,12.89700324
6884,14.6839931
6885,28.52797959
6886,-101.8246887
6887,15.17371338
6888,2.983870854
6889,3.199703723
6890,1.225093674
6891,148.0859289
6892,-7.949706318
6893,40.91895353
6894,54.6707425
6895,35.72209473
6896,353.4919388
6897,3.005392898
6898,-446.7950321
6899,18.41723505
6900,48.36495479
6901,-67.49128807
6902,26.11950496
6903,33.23568839
6904,46.75521945
6905,-12.38639147
6906,-12.38639147
6907,126.9222957
6908,15.72656544
6909,80.80969588
6910,17.91845834
6911,23.63248445
6912,48.37752282
6913,4.293692013
6914,35.27429933
6915,-41.27721817
6916,-4.268207035
6917,26.61759757
6918,14.42932287
6919,4.606756868
6920,-496.8808371
6921,4.402015223
6922,13.83312784
6923,27.27460684
6924,113.9905677
6925,29.317063
6926,18.41723505
6927,14.67108484
6928,10.39050175
6929,80.4705156
6930,206.0558759
6931,9.89172504
6932,28.37320143
6933,6.870535318
6934,18.45165122
6935,35.27392589
6936,15.90161513
6937,-52.17956121
6938,9.537795209
6939,27.65678561
6940,8.58225908
6941,-24.89374923
6942,10.38414765
6943,49.87753154
6944,14.26115894
6945,32.42133346
6946,10.04496736
6947,3.925940869
6948,10.11571296
6949,12.90756666
6950,10.35316286
6951,34.90160717
6952,30.58738937
6953,-9.565759079
6954,14.33190455
6955,34.55955973
6956,9.245324494
6957,9.820979434
6958,2520.907964
6959,66.32100247
6960,23.40432325
6961,24.83060119
6962,377.5340224
6963,45.56102646
6964,100.1394433
6965,-9.027349737
6966,69.31502312
6967,51.94498334
6968,10.04496736
6969,37.29157435
6970,14.33458538
6971,10.04496736
6972,14.90261672
6973,357.2303817
6974,-66.60424451
6975,-446.7242865
6976,3.125193956
6977,31.75799526
6978,35.88169115
6979,10.23090533
6980,13.21817609
6981,22.90554653
6982,13.40634337
6983,10.04496736
6984,29.8027706
6985,51.94498334
6986,51.94498334
6987,10.55656654
6988,35.01293199
6989,35.52966924
6990,10.04496736
6991,54.45074409
6992,10.65893644
6993,9.697391634
6994,49.88080464
6995,83.9775064
6996,46.91921108
6997,21.99352305
6998,34.93511905
6999,66.05256778
7000,14.33190455
7001,111.0084852
7002,209.4054294
7003,56.24329804
7004,213.8083013
7005,30.92656966
7006,225.7375376
7007,14.67376567
7008,14.67376567
7009,38.9074794
7010,9.537795209
7011,5.000518452
7012,154.5687903
7013,-13.9087494
7014,20.24392518
7015,9.820979434
7016,53.15777117
7017,14.10156252
7018,15.31802046
7019,14.60433423
7020,180.8835829
7021,16.32448716
7022,23.3252869
7023,14.68335407
7024,79.28578402
7025,-27.55401899
7026,43.73974367
7027,939.4674043
7028,24.65063973
7029,-51.06026126
7030,5.218313174
7031,-122.2198673
7032,80.70400327
7033,-12.35710617
7034,12.27527453
7035,103.3130975
7036,5.423054819
7037,15.24179701
7038,10.39050175
7039,37.06418137
7040,9.400636051
7041,22.08876659
7042,17.63005688
7043,18.31328596
7044,15.97923389
7045,15.22163555
7046,259.8341519
7047,-45.59529431
7048,22.40344895
7049,-4.908748083
7050,1.400107926
7051,34.83224784
7052,65.55379107
7053,13.83312784
7054,13.33559776
7055,19.77594222
7056,39.06707583
7057,121.3880744
7058,14.26115894
7059,-103.0344539
7060,-35.30760417
7061,-105.8620421
7062,-38.7998359
7063,38.5239102
7064,5.493800425
7065,81.96475222
7066,114.6427064
7067,57.90917661
7068,41.90618561
7069,24.44025943
7070,12.48893616
7071,23.90091913
7072,9.89172504
7073,12.90756666
7074,60.96771861
7075,33.69528097
7076,4.025257331
7077,20.11194767
7078,7.885266961
7079,10.61448968
7080,38.58574601
7081,63.13387586
7082,15.83086953
7083,28.65907549
7084,9.89172504
7085,87.63967474
7086,200.8788289
7087,10.11571296
7088,1.722728871
7089,-41.54565285
7090,0.959254349
7091,23.13588856
7092,8.769168494
7093,18.1920539
7094,31.90426616
7095,-0.88194957
7096,-24.80543721
7097,35.72209473
7098,65.89761748
7099,22.99746919
7100,16.25560393
7101,187.2051912
7102,20.86173102
7103,4.025257331
7104,37.70150024
7105,-13.8696807
7106,23.13588856
7107,80.6162491
7108,5.493800425
7109,51.44275882
7110,123.1702214
7111,13.97245937
7112,-4.631709673
7113,10.23090533
7114,24.40257008
7115,37.47996925
7116,-66.67499012
7117,3.954511725
7118,-8.173474182
7119,39.33388485
7120,13.33559776
7121,140.9667086
7122,-41.07018386
7123,-14.75961467
7124,-14.42043438
7125,8.360734378
7126,18.13412998
7127,13.76238223
7128,26.81941698
7129,93.71761156
7130,-87.51203937
7131,-41.14092947
7132,1.400107926
7133,-12.45713708
7134,35.20318029
7135,0.357224804
7136,105.2762823
7137,153.4254425
7138,13.93054615
7139,52.35490924
7140,10.66582005
7141,13.33559776
7142,29.4029229
7143,10.54374407
7144,25.60338491
7145,15.49168924
7146,14.41940009
7147,12.47584762
7148,9.744101207
7149,-27.51784069
7150,28.86715988
7151,10.45489325
7152,30.53228166
7153,9.744101207
7154,104.0742054
7155,34.56477579
7156,14.83336209
7157,-84.04984516
7158,225.9773779
7159,-49.63612379
7160,-115.3197371
7161,3.402413229
7162,23.13588856
7163,31.15691169
7164,19.70115312
7165,21.05793251
7166,18.2627995
7167,104.7231991
7168,-101.8604823
7169,15.63739029
7170,4.52667098
7171,4.606756868
7172,-49.00891051
7173,27.34939594
7174,1.154348069
7175,265.3193766
7176,1.154348069
7177,51.94498334
7178,14.1202676
7179,13.76238223
7180,22.73722956
7181,60.896973
7182,-32.53668079
7183,-14.8967537
7184,17.08907441
7185,49.64397375
7186,9.378929032
7187,5.00359679
7188,10.59606808
7189,21.47574384
7190,119.5375478
7191,56.47751206
7192,69.95794406
7193,5.00359679
7194,29.91447318
7195,9.968240746
7196,-15.2498183
7197,10.59606808
7198,14.55800123
7199,13.45086829
7200,0.506561709
7201,14.12381695
7202,-14.8967537
7203,10.48561082
7204,15.89108297
7205,-124.7259637
7206,-0.60630618
7207,-13.2157754
7208,3.266619014
7209,-39.63594642
7210,-11.37001608
7211,4.236385394
7212,7.939784571
7213,15.23058099
7214,12.14892834
7215,12.14892834
7216,26.89179613
7217,12.14892834
7218,-53.80543769
7219,17.00456769
7220,10.7540455
7221,-3.942112719
7222,-126.0274193
7223,5.740722903
7224,-45.17487181
7225,1.550257688
7226,-28.84190869
7227,28.12799835
7228,18.01630267
7229,22.62951325
7230,-68.17918078
7231,5.31643048
7232,4.117484275
7233,28.03777595
7234,0.953527137
7235,155.1048902
7236,-137.179212
7237,29.26565417
7238,20.46182322
7239,-121.348248
7240,-14.32820743
7241,2.916875309
7242,1.814955815
7243,2.916875309
7244,-3.799277319
7245,0.818458434
7246,4.385418403
7247,15.14984997
7248,-28.2419117
7249,44.20580255
7250,27.88092354
7251,14.76525183
7252,12.04515753
7253,10.20793991
7254,-14.66738772
7255,12.33662411
7256,3.256055597
7257,-0.941109434
7258,14.63012775
7259,9.062341117
7260,-5.204038336
7261,-15.2498183
7262,-2.000697703
7263,12.14892834
7264,30.48531803
7265,39.24719405
7266,-29.09277696
7267,-13.91365878
7268,9.286329042
7269,1.212007703
7270,23.80520891
7271,7.055883038
7272,13.92535478
7273,15.02892661
7274,38.40923705
7275,4.204164244
7276,-25.72313315
7277,13.92535478
7278,12.9997936
7279,4.456664563
7280,-107.5528622
7281,35.39339543
7282,-0.048725067
7283,-16.0170297
7284,-1875.713565
7285,-4.210547401
7286,-10.53205908
7287,-144.0656496
7288,-145.5060408
7289,-15.51825298
7290,21.47574384
7291,79.89240603
7292,2.366555639
7293,29.6136546
7294,11.50477069
7295,781.0426952
7296,1037.314182
7297,13.73150738
7298,60.20908029
7299,60.20908029
7300,115.3478144
7301,79.47808744
7302,12.57695945
7303,14.57200951
7304,13.50252063
7305,60.6371114
7306,12.57695945
7307,46.16057276
7308,9.561117831
7309,23.80352819
7310,63.46311614
7311,21.87847353
7312,-3.509101817
7313,12.54838859
7314,12.14892834
7315,9.977927344
7316,9.801861461
7317,2077.627715
7318,13.57326623
7319,8.418394012
7320,3.535053696
7321,98.72371271
7322,4.107256844
7323,48.3860959
7324,9.59452454
7325,168.263889
7326,79.41068493
7327,9.561117831
7328,12.64770505
7329,-0.371587115
7330,0.077046997
7331,32.61912141
7332,62.98387404
7333,17.77177908
7334,3.195873408
7335,55.48465972
7336,48.42261442
7337,1.212007703
7338,12.06920564
7339,4.664416502
7340,17.43341558
7341,9.855851361
7342,5.465796668
7343,-6.288440444
7344,19.07822441
7345,4.735162108
7346,9.561117831
7347,4.959208935
7348,40.98795087
7349,-15.2498183
7350,0.147792603
7351,-15.51825298
7352,23.35856084
7353,7.823620763
7354,33.80092141
7355,22.64568493
7356,-39.84623852
7357,-56.90327268
7358,-28.27647901
7359,4.735162108
7360,17.34374798
7361,45.41321459
7362,13.3429242
7363,66.19217219
7364,-19.94716948
7365,93.39817086
7366,26.58709049
7367,14.65706856
7368,12.64770505
7369,4.664416502
7370,-0.103152433
7371,-10.60280468
7372,87.04063284
7373,28.44341002
7374,27.76934127
7375,18.9953512
7376,3.676268934
7377,15.6586121
7378,0.964090554
7379,3.337313746
7380,9.110494349
7381,17.43341558
7382,-28.27647901
7383,9.133086723
7384,48.78298604
7385,-8.970620406
7386,18.60197979
7387,20.40070775
7388,5.762235107
7389,16.84278393
7390,4.025257331
7391,13.90171376
7392,5.016682762
7393,61.39574971
7394,9.820979434
7395,39.16787537
7396,9.820979434
7397,34.19405768
7398,53.70684801
7399,10.11571296
7400,107.9924886
7401,13.33559776
7402,10.7425903
7403,10.31975615
7404,17.76320601
7405,9.841563674
7406,252.1362369
7407,29.15507135
7408,55.39406003
7409,22.63711185
7410,61.46649532
7411,81.3084726
7412,10.31975615
7413,131.4621258
7414,-15.14590292
7415,23.13588856
7416,10.72968204
7417,21.53714768
7418,0.062543879
7419,82.20508811
7420,21.24797071
7421,7.008497365
7422,8.07311338
7423,10.85193957
7424,10.61448968
7425,-13.7989351
7426,-24.80543721
7427,-8.956604132
7428,14.75858038
7429,55.74661345
7430,18.04651918
7431,30.22681819
7432,38.86309049
7433,81.36732291
7434,84.53675283
7435,31.87800354
7436,18.1920539
7437,-28.0322864
7438,-25.37086689
7439,52.01572895
7440,52.85368595
7441,149.3288571
7442,88.13845145
7443,124.2767634
7444,-48.9381649
7445,101.6149644
7446,-3.326848671
7447,9.888123528
7448,36.36762624
7449,-34.98041604
7450,-27.2148387
7451,16.61364013
7452,5.671030353
7453,19.59915388
7454,15.01426012
7455,36.85040821
7456,6.683845974
7457,-85.36680118
7458,6.344665686
7459,-8.444919159
7460,-31.64140918
7461,14.25720863
7462,45.56714384
7463,9.418393535
7464,35.66848909
7465,54.6707425
7466,18.1920539
7467,9.697391634
7468,17.41106876
7469,7.985869625
7470,8.138291689
7471,15.02317339
7472,-110.4450862
7473,4.410239198
7474,134.642491
7475,-14.95441334
7476,-13.56956912
7477,72.6759154
7478,14.99291253
7479,10.90478176
7480,9.89172504
7481,9.89172504
7482,-4.970889961
7483,5.694089857
7484,-52.17956121
7485,-3.451909085
7486,-14.13811538
7487,27.42014155
7488,84.01505456
7489,23.06514296
7490,13.33559776
7491,9.697391634
7492,-8.444919159
7493,63.13387586
7494,15.78471286
7495,18.41723505
7496,13.83312784
7497,40.60990842
7498,130.1612732
7499,5.423054819
7500,22.97629214
7501,15.24179701
7502,11.3547064
7503,42.39006387
7504,33.62453536
7505,5.21530288
7506,-15.84317589
7507,1.722728871
7508,22.06426866
7509,19.34473628
7510,3.427164156
7511,-5.283357021
7512,-190.1128813
7513,23.04066832
7514,14.83336209
7515,0.90643092
7516,28.89337612
7517,23.06514296
7518,12.47584762
7519,-13.7989351
7520,-126.0242413
7521,83.30128545
7522,14.65950237
7523,62.47009539
7524,14.81170966
7525,51.94498334
7526,17.09235127
7527,27.71168164
7528,184.3872874
7529,22.21649724
7530,197.0346747
7531,50.12509501
7532,65.55843719
7533,33.01043534
7534,-44.38783755
7535,-14.83036027
7536,-4.374654414
7537,-14.75961467
7538,9.814846813
7539,17.59843202
7540,15.56243484
7541,-1.221129859
7542,-196.2087907
7543,-37.01377488
7544,1.19445442
7545,3.954511725
7546,49.21547982
7547,49.81005904
7548,13.83312784
7549,22.15951219
7550,14.40533098
7551,23.90091913
7552,42.72924416
7553,13.83312784
7554,9.89172504
7555,6.570106825
7556,-14.42043438
7557,-140.0630144
7558,-49.2969435
7559,4.364437619
7560,23.46467669
7561,14.17230812
7562,113.1514844
7563,16.48799602
7564,99.99420841
7565,14.33190455
7566,561.3013698
7567,-38.62947576
7568,-14.42043438
7569,5.762235107
7570,473.5596116
7571,196.6486316
7572,209.8757298
7573,14.67108484
7574,47.26699294
7575,5.557493462
7576,-48.12186695
7577,11.3547064
7578,174.2243128
7579,13.37777251
7580,147.0629482
7581,61.3068989
7582,15.35668176
7583,-39.0422944
7584,3.163701863
7585,13.98430145
7586,8.837852041
7587,33.16494278
7588,10.65893644
7589,10.65893644
7590,11.74273877
7591,35.0635525
7592,106.9254896
7593,23.40432325
7594,-49.63612379
7595,4.025257331
7596,25.1046082
7597,88.24826426
7598,13.99136899
7599,5.096193299
7600,14.10208725
7601,24.19858606
7602,18.5304174
7603,20.32996215
7604,23.56173884
7605,263.38482
7606,9.245324494
7607,87.22974884
7608,13.76238223
7609,15.31663955
7610,10.72380868
7611,5.493800425
7612,-30.04935112
7613,-164.3531938
7614,22.56636624
7615,0.696405092
7616,6.799789713
7617,20.04930134
7618,10.78119396
7619,4.025257331
7620,10.45489325
7621,-4.631709673
7622,13.33559776
7623,34.13152862
7624,1.722728871
7625,27.91226414
7626,-38.81916552
7627,14.33054927
7628,5.493800425
7629,17.01960497
7630,34.79511782
7631,13.40634337
7632,66.0572139
7633,10.95366997
7634,18.99890572
7635,32.03403867
7636,-55.28690892
7637,-27.51784069
7638,1.722728871
7639,22.94640824
7640,-9.366530026
7641,6.577602755
7642,124.2767634
7643,0.316305596
7644,-14.83036027
7645,27.42014155
7646,18.2627995
7647,66.05256778
7648,11.224665
7649,-14.75961467
7650,-14.75961467
7651,-9.29578442
7652,-14.95441334
7653,220.6370577
7654,10.13756735
7655,14.33190455
7656,6.499361219
7657,66.59423356
7658,16.59328901
7659,14.90261672
7660,45.65551308
7661,15.91847371
7662,6.371758605
7663,13.83312784
7664,60.96771861
7665,-14.61523305
7666,35.20318029
7667,1.970646019
7668,16.45008265
7669,50.40261207
7670,9.245324494
7671,4.945937156
7672,-14.68597865
7673,-28.06570396
7674,0.059927481
7675,1226.482711
7676,39.73739768
7677,8.58225908
7678,13.83312784
7679,21.99352305
7680,61.80567561
7681,23.47506885
7682,0.453502999
7683,-12.33872251
7684,-52.17956121
7685,-38.7998359
7686,-30.2953426
7687,45.32992793
7688,140.5619648
7689,76.37661529
7690,279.8779313
7691,576.7578257
7692,70.33654285
7693,20.83569002
7694,25.67706243
7695,17.05804245
7696,71.76523811
7697,24.04645355
7698,9.820979434
7699,25.1046082
7700,33.33193139
7701,9.828667158
7702,14.94351452
7703,-100.7484373
7704,-60.63991406
7705,-125.3857212
7706,15.78756492
7707,-190.3083368
7708,21.22861062
7709,27.58669533
7710,168.2434437
7711,-53.88894863
7712,-27.30315072
7713,2.710539856
7714,29.00646724
7715,45.53664402
7716,88.33629082
7717,48.6459575
7718,11.08177059
7719,14.10156252
7720,28.67221519
7721,56.63976844
7722,-447.2014041
7723,5.016682762
7724,12.83682105
7725,47.33773855
7726,5.58980883
7727,0.874208452
7728,3.176736912
7729,181.2145167
7730,16.81852545
7731,42.14236698
7732,1.649853117
7733,13.18941211
7734,9.24800931
7735,65.52248672
7736,72.6759154
7737,28.02920288
7738,66.66497917
7739,-99.262219
7740,-53.20066046
7741,5.21530288
7742,-0.873793887
7743,32.62742045
7744,38.20027696
7745,6.125913276
7746,101.0753669
7747,35.67020484
7748,15.18276981
7749,60.42221648
7750,16.9324693
7751,2.380571913
7752,95.05438836
7753,20.86173102
7754,9.316070099
7755,6.570106825
7756,23.9634534
7757,14.33190455
7758,10.39050175
7759,-13.7989351
7760,27.34939594
7761,18.1920539
7762,-27.33771803
7763,69.24427752
7764,5.832980713
7765,9.269360526
7766,-0.413475095
7767,-38.46065561
7768,-2.242116037
7769,22.33270334
7770,70.33221931
7771,18.2627995
7772,-28.33413864
7773,1517.427728
7774,8.44832884
7775,8.856317045
7776,-4.464724705
7777,-142.6896438
7778,-30.86564907
7779,-145.0613731
7780,-237.4079385
7781,28.52797959
7782,4.025257331
7783,4.293692013
7784,-12.45713708
7785,5.423054819
7786,-53.04679937
7787,23.04066832
7788,134.642491
7789,283.4898383
7790,372.2242031
7791,35.0635525
7792,50.30883575
7793,19.04283337
7794,-19.82922831
7795,-3.451909085
7796,4.410239198
7797,5.561029889
7798,5.423054819
7799,5.493800425
7800,0.72623149
7801,83.81790998
7802,15.40283842
7803,14.17230812
7804,10.45489325
7805,-10.11260105
7806,4.025257331
7807,82.23391543
7808,5.493800425
7809,34.19405768
7810,0.528509357
7811,4.677502474
7812,-14.02635598
7813,23.44518496
7814,22.6582889
7815,197.4849249
7816,1.470853532
7817,19.82473513
7818,18.11247093
7819,13.76238223
7820,-28.15401598
7821,-0.257593757
7822,-41.53586059
7823,17.79494969
7824,17.76320601
7825,13.16989394
7826,10.61448968
7827,1.225093674
7828,23.06514296
7829,9.744101207
7830,14.26115894
7831,33.22702498
7832,36.22087144
7833,1.81003382
7834,-124.428575
7835,55.36135727
7836,5.557493462
7837,24.18381443
7838,50.0287213
7839,3.640789011
7840,9.89172504
7841,14.33190455
7842,27.72801549
7843,46.18608688
7844,22.56636624
7845,8.511513474
7846,135.5150434
7847,31.75799526
7848,38.66565085
7849,9.820979434
7850,5.995257966
7851,15.69698439
7852,10.72968204
7853,18.18321654
7854,12.90756666
7855,9.316070099
7856,10.16015972
7857,13.67477805
7858,19.93428148
7859,49.79710455
7860,60.896973
7861,-4.713834702
7862,-0.0506675
7863,24.04645355
7864,82.54629932
7865,10.04496736
7866,25.1046082
7867,10.39050175
7868,-13.42228373
7869,6.801705734
7870,9.339947691
7871,28.74754068
7872,-4.535470311
7873,54.31655818
7874,9.747574782
7875,9.125210268
7876,65.50335857
7877,3.575671631
7878,-41.72353589
7879,-50.27905076
7880,26.5155662
7881,7.696148356
7882,33.12950445
7883,19.47711998
7884,14.2740032
7885,-15.32890562
7886,14.74445818
7887,12.7634164
7888,9.517232751
7889,52.60193615
7890,-63.98453891
7891,-150.1627533
7892,-15.59734031
7893,19.05822615
7894,-36.86054194
7895,10.31074299
7896,13.68897758
7897,11.09218718
7898,9.676829176
7899,30.72899582
7900,44.47015147
7901,39.02372511
7902,11.28130174
7903,186.6064042
7904,13.45863555
7905,18.97024399
7906,-0.787967384
7907,22.10839594
7908,-204.2124868
7909,12.6429143
7910,4.921860163
7911,-14.04213407
7912,8.434390569
7913,128.3525393
7914,-39.61158302
7915,-4.237280022
7916,2.75937368
7917,-32.92209098
7918,14.18639902
7919,174.2708396
7920,18.470652
7921,43.4598585
7922,18.470652
7923,122.8465578
7924,514.0890556
7925,14.60036101
7926,48.57255285
7927,15.25868816
7928,7.961988
7929,16.98512226
7930,3.371766943
7931,36.19144969
7932,11.74015739
7933,25.00189576
7934,119.6543049
7935,42.4939172
7936,56.36031539
7937,20.2082028
7938,134.308753
7939,13.04475934
7940,-19.847724
7941,31.29566072
7942,22.68235993
7943,7.841719367
7944,22.09430258
7945,16.77043026
7946,9.406553211
7947,29.66617337
7948,39.19924482
7949,-92.94847022
7950,35.02556212
7951,171.2600766
7952,17.27012882
7953,118.7962967
7954,9.898702938
7955,0.659312589
7956,7.770973761
7957,72.2064156
7958,75.681103
7959,9.402040387
7960,13.11945526
7961,15.22999283
7962,252.1020088
7963,12.7634164
7964,3.382330359
7965,-0.326621376
7966,1.535849708
7967,-151.0845756
7968,-0.084222777
7969,4.780127848
7970,-58.62567796
7971,427.1748417
7972,2.608667804
7973,14.32120475
7974,18.85475546
7975,65.50335857
7976,12.32918744
7977,13.97032052
7978,16.89295475
7979,38.5445097
7980,0.928010874
7981,9.462222576
7982,15.9678932
7983,9.971562706
7984,-0.25587577
7985,17.61987253
7986,1.616913581
7987,-27.82158738
7988,29.09917622
7989,-10.41634773
7990,5.190053741
7991,0.542561851
7992,13.06611728
7993,9.900817101
7994,56.86165809
7995,-116.6955525
7996,4.780127848
7997,-111.5764314
7998,-10.009457
7999,3.311584754
8000,111.0542248
8001,12.26463968
8002,9.747574782
8003,22.80225799
8004,9.747574782
8005,29.9444624
8006,79.308895
8007,82.94710113
8008,12.94843889
8009,27.00750748
8010,21.92343927
8011,8.626433555
8012,5.190053741
8013,19.75778078
8014,5.190053741
8015,-82.65496099
8016,13.65572992
8017,35.20323741
8018,226.9296589
8019,26.29287594
8020,-14.85178796
8021,23.86807806
8022,87.24541583
8023,1.348236582
8024,31.6845906
8025,34.63137236
8026,-70.59924592
8027,55.71305227
8028,5.863930178
8029,-128.1297313
8030,4.780127848
8031,33.58266853
8032,264.1635177
8033,511.787468
8034,7.696148356
8035,30.10093013
8036,22.80225799
8037,47.73459585
8038,10.07794198
8039,7.430186408
8040,79.73692611
8041,-14.44186207
8042,9.248798068
8043,13.68897758
8044,21.73217771
8045,14.60036101
8046,9.472785993
8047,74.78696359
8048,10.13133084
8049,21.51658522
8050,8.626433555
8051,51.37280198
8052,63.3357797
8053,4.850873453
8054,-99.67161688
8055,-5.890855342
8056,27.28232645
8057,3.575671631
8058,1.079801899
8059,19.20376086
8060,-61.73078905
8061,9.676829176
8062,12.69267079
8063,24.96045794
8064,59.21558539
8065,13.61823197
8066,60.11846979
8067,13.95741226
8068,9.248798068
8069,-45.11193519
8070,101.3320743
8071,0.866434468
8072,141.2005324
8073,4.850873453
8074,-53.68972635
8075,10.08675507
8076,21.73217771
8077,36.41780939
8078,40.83522753
8079,-5.855538387
8080,2.905161823
8081,-53.37035144
8082,79.80767172
8083,65.40964081
8084,23.9730489
8085,123.1151428
8086,-0.829775122
8087,34.49137114
8088,9.811966281
8089,11.07012797
8090,22.01536193
8091,283.7612802
8092,10.83137711
8093,38.93487429
8094,12.60381997
8095,22.83214188
8096,-0.829775122
8097,9.054464663
8098,24.96045794
8099,35.52966924
8100,48.5076174
8101,24.31739094
8102,15.31663955
8103,62.29591886
8104,14.99291253
8105,66.05256778
8106,19.49768243
8107,24.51100503
8108,18.03164069
8109,14.81170966
8110,22.90554653
8111,10.61448968
8112,630.113083
8113,-12.83749922
8114,0.972076819
8115,5.567226859
8116,36.60505285
8117,-162.1912215
8118,145.4188736
8119,21.99352305
8120,1.669715229
8121,39.95628073
8122,33.62453536
8123,37.29157435
8124,14.46157484
8125,-27.51784069
8126,-25.1446175
8127,7.796278011
8128,105.974584
8129,556.705763
8130,152.0327606
8131,243.820879
8132,97.06164855
8133,21.87632797
8134,1.651983265
8135,-14.75961467
8136,18.41723505
8137,776.8037346
8138,-14.95441334
8139,14.33190455
8140,28.65907549
8141,10.0832815
8142,5.627136563
8143,30.47687481
8144,23.46467669
8145,13.83312784
8146,23.62427311
8147,193.7003067
8148,13.40634337
8149,7.942824463
8150,9.820979434
8151,10.95366997
8152,3.954511725
8153,28.56677536
8154,13.31248428
8155,12.46461556
8156,5.528367735
8157,5.528367735
8158,20.41648777
8159,30.38200421
8160,4.328259323
8161,-8.992782427
8162,-27.2148387
8163,1.641419848
8164,32.71342537
8165,-4.392634911
8166,2.662698005
8167,22.30691954
8168,53.81493439
8169,9.765969259
8170,40.86435562
8171,246.5060046
8172,54.09131423
8173,4.840922027
8174,-4.442873469
8175,0.911570365
8176,19.74514847
8177,198.8838694
8178,8.176883863
8179,5.218110916
8180,35.54236058
8181,33.23568839
8182,1.970646019
8183,5.423054819
8184,-3.52265469
8185,-195.9980803
8186,36.51122792
8187,-26.01994216
8188,8.672354369
8189,27.57306015
8190,1.098358343
8191,84.51452606
8192,10.95366997
8193,10.54374407
8194,4.265121158
8195,80.73895028
8196,62.63509915
8197,415.0617684
8198,5.556390957
8199,18.03164069
8200,56.99187243
8201,312.9466509
8202,25.15225686
8203,16.71886216
8204,5.762235107
8205,1.970646019
8206,31.42534637
8207,5.423054819
8208,14.35857726
8209,35.20318029
8210,10.39050175
8211,15.40139343
8212,23.1254964
8213,10.11571296
8214,23.13588856
8215,60.96771861
8216,25.98312939
8217,-0.025494117
8218,63.67458506
8219,10.11571296
8220,10.73656566
8221,22.63711185
8222,22.94640824
8223,50.47335767
8224,67.60568786
8225,298.4387783
8226,19.84351299
8227,56.85475595
8228,152.8001222
8229,47.18764576
8230,6.846037438
8231,3.659996079
8232,16.64972129
8233,13.40634337
8234,152.8001222
8235,33.57486867
8236,46.68447384
8237,31.44047402
8238,32.25677197
8239,-196.3470884
8240,5.832980713
8241,20.66914243
8242,30.25901718
8243,-61.58126497
8244,14.99291253
8245,48.30677721
8246,23.56173884
8247,36.15012584
8248,9.052834715
8249,3.954511725
8250,5.263458394
8251,6.414249085
8252,-13.7989351
8253,15.17254238
8254,-3.52265469
8255,29.9583835
8256,50.04040107
8257,23.13588856
8258,30.03067407
8259,9.697391634
8260,9.584504782
8261,-19.82923811
8262,51.30348902
8263,14.33190455
8264,52.51450566
8265,71.20365035
8266,13.74552366
8267,-14.83036027
8268,-3.52265469
8269,66.86602101
8270,154.4348056
8271,47.33773855
8272,23.13588856
8273,1.722728871
8274,-46.8629182
8275,35.0836776
8276,-34.5801302
8277,-282.7424835
8278,19.68391657
8279,18.52239682
8280,14.17230812
8281,10.45489325
8282,214.1072316
8283,106.3137643
8284,20.73988804
8285,22.30435907
8286,60.04410092
8287,10.03657192
8288,-64.13229172
8289,9.820979434
8290,-3.594353051
8291,18.18321654
8292,5.493800425
8293,150.7627453
8294,12.83682105
8295,18.92816012
8296,10.65893644
8297,232.7201968
8298,54.0460283
8299,393.3361658
8300,60.96771861
8301,9.316070099
8302,39.23862097
8303,4.52667098
8304,15.38738515
8305,22.08876659
8306,55.19383391
8307,3.996686475
8308,16.186529
8309,5.694089857
8310,4.025257331
8311,17.84771273
8312,-720.4167115
8313,13.93054615
8314,4.364437619
8315,6.301012999
8316,26.05387499
8317,10.23090533
8318,15.24179701
8319,-10.30860004
8320,11.47430408
8321,27.51516397
8322,15.75488717
8323,-15.77243029
8324,-10.18334665
8325,34.6355214
8326,56.71051404
8327,57.19502369
8328,14.33190455
8329,51.64266931
8330,24.73017703
8331,2.965597531
8332,35.72209473
8333,0.968630088
8334,21.63375127
8335,61.80567561
8336,16.98890158
8337,196.8094199
8338,10.10731753
8339,14.67108484
8340,87.79927116
8341,-193.2347292
8342,14.33190455
8343,25.98312939
8344,5.096193299
8345,22.55595332
8346,53.59899566
8347,-69.09480628
8348,-14.83036027
8349,49.79009139
8350,29.45823508
8351,34.33132414
8352,77.24800337
8353,14.91693017
8354,9.584504782
8355,-49.63612379
8356,49.47087875
8357,39.16787537
8358,-4.713834702
8359,62.86544118
8360,18.2627995
8361,25.67413052
8362,43.53693567
8363,57.76147794
8364,1121.755987
8365,213.6640757
8366,13.40634337
8367,10.61448968
8368,45.29259178
8369,14.9041077
8370,39.73739768
8371,39.23862097
8372,80.4705156
8373,15.34496127
8374,-761.9729862
8375,-12.45713708
8376,1.400107926
8377,14.81170966
8378,5.493800425
8379,32.32751757
8380,6.644591116
8381,10.16015972
8382,14.10156252
8383,81.28050898
8384,28.58832989
8385,34.79511782
8386,11.21964566
8387,9.89172504
8388,7.885266961
8389,22.48105156
8390,67.00415945
8391,106.9962352
8392,12.263409
8393,10.11571296
8394,54.1115638
8395,12.04781652
8396,12.26385093
8397,17.76320601
8398,27.00654852
8399,14.81170966
8400,11.4691226
8401,5.423054819
8402,25.60338491
8403,10.10731753
8404,14.67108484
8405,0.357224804
8406,1.970646019
8407,25.52734013
8408,61.3068989
8409,13.21817609
8410,10.23090533
8411,34.2255955
8412,5.096193299
8413,212.2594211
8414,61.54124475
8415,-14.20886099
8416,-46.00122819
8417,1.651983265
8418,13.17600134
8419,75.82600768
8420,15.65581983
8421,330.4495893
8422,65.82222575
8423,10.38414765
8424,10.38414765
8425,46.84846547
8426,140.7846198
8427,13.76238223
8428,13.24674694
8429,4.335866763
8430,4.606756868
8431,209.1038992
8432,5.483237008
8433,8.919616822
8434,12.15033277
8435,5.775143367
8436,-19.70357374
8437,12.91821516
8438,-10.14584952
8439,8.067546083
8440,-1.291875464
8441,1.153206552
8442,197.9445191
8443,10.38414765
8444,14.10156252
8445,9.537795209
8446,19.61317096
8447,16.57434924
8448,4.335866763
8449,-15.83165426
8450,-12.11795679
8451,24.13126116
8452,0.938761918
8453,4.025206457
8454,14.81170966
8455,101.3202004
8456,18.2627995
8457,-48.48682137
8458,10.6190025
8459,3.675513626
8460,-83.67531444
8461,12.48154046
8462,5.144557274
8463,46.2777882
8464,49.97854444
8465,26.00332227
8466,49.81894802
8467,16.67445304
8468,10.27391871
8469,14.75131229
8470,15.94038498
8471,-5.630658229
8472,14.50435637
8473,36.68115277
8474,35.9417056
8475,1.072083811
8476,13.68768631
8477,15.18276981
8478,18.6061208
8479,-4.986225533
8480,5.423054819
8481,0.316305596
8482,5.423054819
8483,-155.118559
8484,35.20318029
8485,-26.66697543
8486,6.302400534
8487,-19.75849251
8488,12.96339228
8489,18.31328596
8490,49.96965546
8491,15.39061466
8492,4.677502474
8493,-118.2751127
8494,49.18125274
8495,62.36666447
8496,10.11571296
8497,14.38367855
8498,-403.0428829
8499,3.427164156
8500,66.0572139
8501,1.42051062
8502,10.04496736
8503,4.52667098
8504,59.92343976
8505,14.70828332
8506,83.9067608
8507,10.29884796
8508,10.39050175
8509,14.33190455
8510,16.15459655
8511,9.814846813
8512,193.6773343
8513,16.3283996
8514,13.90780091
8515,14.26115894
8516,107.6504443
8517,41.4781545
8518,20.40070775
8519,5.217210669
8520,13.76238223
8521,-66.59702692
8522,13.40634337
8523,10.39050175
8524,10.39050175
8525,56.31404365
8526,9.814846813
8527,21.46640207
8528,-14.75961467
8529,35.88169115
8530,112.3972654
8531,146.7007277
8532,133.5347002
8533,181.1393789
8534,18.1920539
8535,9.744101207
8536,-99.57340076
8537,173.1444916
8538,124.0081784
8539,26.01331081
8540,16.186529
8541,32.01140756
8542,3.954511725
8543,5.762235107
8544,147.3946593
8545,31.82874086
8546,-46.00122819
8547,47.26699294
8548,16.61847215
8549,5.493800425
8550,16.68192556
8551,146.4502337
8552,13.33559776
8553,24.31739094
8554,10.04496736
8555,9.655250388
8556,4.025257331
8557,24.11719916
8558,7.326018602
8559,10.45489325
8560,198.73095
8561,-14.83036027
8562,-14.83036027
8563,4.025206457
8564,1.174865602
8565,4.945937156
8566,-61.24208468
8567,13.09914833
8568,13.76238223
8569,-248.4634676
8570,28.14921116
8571,1.722728871
8572,5.423054819
8573,-49.86646582
8574,9.820979434
8575,-12.33872251
8576,14.26115894
8577,27.15849317
8578,67.82624862
8579,21.46640207
8580,26.39305528
8581,14.3185738
8582,31.08616609
8583,34.72437222
8584,9.269360526
8585,23.05475079
8586,18.92816012
8587,33.99214386
8588,5.959606533
8589,5.493800425
8590,4.025257331
8591,-15.84317589
8592,468.8825175
8593,5.761304804
8594,31.16771979
8595,25.55509828
8596,-13.65059545
8597,18.99890572
8598,5.493800425
8599,7.885266961
8600,12.40737462
8601,-3.451909085
8602,3.076138503
8603,28.05086193
8604,5.016682762
8605,57.43975841
8606,84.31668669
8607,9.717741816
8608,238.6302511
8609,13.74552366
8610,67.00415945
8611,10.95366997
8612,23.47506885
8613,-177.1185381
8614,10.10731753
8615,15.74057372
8616,9.89172504
8617,5.493800425
8618,105.4016139
8619,230.9689362
8620,344.4037704
8621,0.72623149
8622,67.41462215
8623,62.63509915
8624,47.90277829
8625,10.97552737
8626,10.11571296
8627,25.17535381
8628,24.44025943
8629,280.9546892
8630,14.67108484
8631,31.30117718
8632,9.89172504
8633,33.69528097
8634,-66.60424451
8635,7.774822805
8636,10.31975615
8637,56.63976844
8638,56.63976844
8639,105.1512302
8640,87.30049445
8641,15.38738515
8642,10.23090533
8643,3.996686475
8644,-28.40488425
8645,20.32996215
8646,80.39976999
8647,13.92062338
8648,697.0143185
8649,17.6924604
8650,-4.71542514
8651,10.11571296
8652,9.052834715
8653,0.152332137
8654,-52.65667887
8655,3.548139668
8656,61.39574971
8657,31.30117718
8658,5.025447694
8659,22.63711185
8660,-237.4786841
8661,3.455735012
8662,5.557493462
8663,23.06514296
8664,15.34496127
8665,9.198614921
8666,13.33559776
8667,52.44376006
8668,23.13588856
8669,14.10156252
8670,18.45165122
8671,-38.7998359
8672,-60.56916845
8673,5.493800425
8674,13.09914833
8675,286.6614955
8676,13.76238223
8677,13.76238223
8678,11.48289551
8679,62.29591886
8680,10.28241725
8681,4.606756868
8682,3.138213774
8683,99.78757126
8684,19.27399067
8685,13.76238223
8686,41.97693121
8687,16.11578339
8688,29.24631739
8689,-92.38611794
8690,14.60033923
8691,65.48304547
8692,-92.38611794
8693,225.9075154
8694,11.40355848
8695,53.76919345
8696,33.30701412
8697,9.76813724
8698,5.832980713
8699,69.79519965
8700,14.33190455
8701,14.33190455
8702,60.37720599
8703,10.31975615
8704,25.31185329
8705,369.7475701
8706,22.33270334
8707,-16.72915187
8708,-326.8500258
8709,6.160180931
8710,-14.83036027
8711,-39.03940166
8712,-74.99267684
8713,12.83682105
8714,25.06262394
8715,13.18941211
8716,1.722728871
8717,27.68857623
8718,5.218313174
8719,-12.45713708
8720,22.33270334
8721,0.387051201
8722,21.84337097
8723,37.47996925
8724,-3.594353051
8725,5.435373588
8726,32.96660074
8727,-485.6356445
8728,29.40354129
8729,1.81003382
8730,20.16391542
8731,2.380571913
8732,-14.42043438
8733,-9.773420761
8734,10.0832815
8735,32.25677197
8736,-5.318673977
8737,-38.70022137
8738,5.762235107
8739,-44.52172061
8740,5.486747857
8741,214.9541798
8742,-27.24940601
8743,10.13756735
8744,18.2627995
8745,15.15088995
8746,15.91696595
8747,4.480984804
8748,-40.30963675
8749,16.11240324
8750,16.41725042
8751,9.820979434
8752,-1566.221594
8753,18.34648944
8754,27.29810439
8755,14.26115894
8756,18.1920539
8757,11.74273877
8758,60.42221648
8759,18.34648944
8760,18.1920539
8761,10.38414765
8762,15.60731654
8763,25.60338491
8764,16.186529
8765,-14.83036027
8766,-10.18334665
8767,3.954511725
8768,7.913516955
8769,5.334203999
8770,49.88080464
8771,23.97166473
8772,13.76238223
8773,2.041391625
8774,4.364437619
8775,23.14715545
8776,2.041391625
8777,-118.2751127
8778,5.832980713
8779,28.63752097
8780,5.493800425
8781,-23.65779121
8782,36.63329269
8783,138.6691509
8784,120.2994119
8785,5.263458394
8786,193.569424
8787,6.230926537
8788,9.247777934
8789,8.012356816
8790,9.638790635
8791,-10.11260105
8792,12.54659323
8793,0.427970409
8794,5.419669094
8795,169.5787802
8796,4.364161645
8797,-19.49004802
8798,50.15228723
8799,-5.283357021
8800,86.02171714
8801,30.19115878
8802,-89.07602462
8803,58.33913289
8804,24.4914209
8805,335.4227633
8806,1584.737998
8807,29.45823508
8808,29.45823508
8809,-109.4909398
8810,1.651983265
8811,6.616110663
8812,-9.366530026
8813,-86.80815804
8814,5.832980713
8815,10.76268921
8816,5.435373588
8817,19.83686272
8818,32.09717554
8819,9.820979434
8820,14.60033923
8821,13.96316099
8822,-297.0842198
8823,5.557493462
8824,-345.6546422
8825,36.80633392
8826,14.67108484
8827,49.14473421
8828,7.824795316
8829,5.995257966
8830,-1244.736814
8831,13.17600134
8832,13.33559776
8833,14.05504705
8834,10.38414765
8835,13.17600134
8836,39.07937081
8837,31.37192279
8838,10.39050175
8839,35.83887846
8840,-127.1872645
8841,15.38738515
8842,-128.4000497
8843,-14.13811538
8844,-240.3788995
8845,-22.94663201
8846,19.2673404
8847,13.14743048
8848,14.67108484
8849,137.983858
8850,22.55595332
8851,1.142829417
8852,16.40601836
8853,17.13604669
8854,13.75843192
8855,10.96657823
8856,22.894281
8857,12.18143134
8858,14.60033923
8859,17.17984286
8860,13.98430145
8861,-12.40946811
8862,11.17350353
8863,5.938820091
8864,6.27392008
8865,5.938820091
8866,10.7425903
8867,34.32742499
8868,6.344665686
8869,-9.645528125
8870,32.43346415
8871,4.624673905
8872,52.95003603
8873,1.372985166
8874,14.18646302
8875,23.38196533
8876,13.09801062
8877,5.000518452
8878,-8.173474182
8879,-47.60375579
8880,-34.6508758
8881,41.3398403
8882,12.43037351
8883,1.072161132
8884,22.51716891
8885,0.037307497
8886,10.10731753
8887,1.712165454
8888,7.896308925
8889,13.40634337
8890,-60.63991406
8891,13.67477805
8892,14.60033923
8893,-6.906141491
8894,81.23772699
8895,12.1926634
8896,-59.72209437
8897,0.911570365
8898,28.52797959
8899,-3.451909085
8900,-27.51784069
8901,1.651983265
8902,60.43073001
8903,-14.20886099
8904,31.22490146
8905,-13.56956912
8906,15.97923389
8907,38.26906629
8908,20.21444857
8909,13.43832862
8910,24.65657123
8911,5.483237008
8912,7.775023927
8913,18.45165122
8914,5.028929005
8915,12.78162709
8916,0.835685314
8917,0.427970409
8918,4.025257331
8919,-41.07018386
8920,-49.63612379
8921,-49.2969435
8922,-92.43744884
8923,39.72154756
8924,10.23090533
8925,12.90756666
8926,24.35140861
8927,10.11571296
8928,46.42043436
8929,10.62731215
8930,20.82873886
8931,31.87800354
8932,22.03592439
8933,29.81284879
8934,2.309826308
8935,10.31975615
8936,21.96517879
8937,4.025257331
8938,5.493800425
8939,-4.631709673
8940,5.025447694
8941,109.4273046
8942,60.78713188
8943,1822.384175
8944,19.25521281
8945,14.33190455
8946,61.46649532
8947,61.80567561
8948,36.364858
8949,14.33190455
8950,66.0572139
8951,28.81828628
8952,56.60180141
8953,21.53714768
8954,8.749001221
8955,1.133153382
8956,19.33808601
8957,13.24674694
8958,13.24674694
8959,16.41475282
8960,1123.286539
8961,-51.91112652
8962,-56.45592458
8963,72.83373148
8964,10.40255725
8965,18.4259356
8966,28.88663667
8967,25.17535381
8968,105.2219758
8969,213.7328482
8970,2.466878915
8971,83.30128545
8972,10.04496736
8973,11.39837699
8974,43.43808353
8975,14.17230812
8976,13.93054615
8977,20.36295431
8978,3.730741685
8979,17.19105266
8980,18.77880325
8981,23.44518496
8982,31.82874086
8983,11.425452
8984,7.386490247
8985,-15.25839138
8986,-4.093129764
8987,-193.5739095
8988,10.03657192
8989,1.509361439
8990,-22.71572119
8991,-484.6893602
8992,-19.59845706
8993,5.423054819
8994,1.509361439
8995,0.316305596
8996,134.5557276
8997,17.92562711
8998,12.90756666
8999,2.347403912
9000,67.00415945
9001,39.78071951
9002,17.21812333
9003,145.5243479
9004,5.448239949
9005,-7.763548288
9006,5.832980713
9007,5.832980713
9008,-85.44132855
9009,14.26115894
9010,139.9849416
9011,5.493800425
9012,32.32751757
9013,339.4967649
9014,22.03592439
9015,13.40634337
9016,-94.86753575
9017,-28.15401598
9018,39.57780126
9019,13.50907423
9020,1.028576004
9021,38.42614959
9022,13.67477805
9023,61.23615329
9024,23.33052858
9025,22.08876659
9026,17.91845834
9027,-78.93281798
9028,-28.33413864
9029,9.198614921
9030,14.26115894
9031,320.8719012
9032,13.33559776
9033,24.54523027
9034,465.2782223
9035,23.13588856
9036,12.67580931
9037,18.2627995
9038,39.16787537
9039,24.88441055
9040,11.06004924
9041,60.33336566
9042,25.51453409
9043,34.03446125
9044,23.54422903
9045,-14.13811538
9046,-149.9660416
9047,30.37229292
9048,4.025257331
9049,19.6658468
9050,8.409820933
9051,15.70813589
9052,9.820979434
9053,108.9992735
9054,45.29259178
9055,5.423054819
9056,-22.64497559
9057,-237.8054489
9058,17.8548815
9059,20.73988804
9060,83.81790998
9061,5.423054819
9062,10.70351221
9063,-41.46511499
9064,14.84618456
9065,-48.19261256
9066,-47.67921615
9067,10.61448968
9068,16.48799602
9069,1.265200026
9070,10.61448968
9071,4.703341933
9072,3.163701863
9073,-126.068736
9074,-76.38886731
9075,-61.03742444
9076,3.393628638
9077,13.40634337
9078,-46.00122819
9079,-22.64497559
9080,-1632.324295
9081,10.31975615
9082,11.05534325
9083,1.651983265
9084,325.5612214
9085,-40.64881704
9086,21.53714768
9087,23.63248445
9088,22.70148803
9089,116.8390193
9090,-39.07099323
9091,14.83336209
9092,-30.12009672
9093,12.82784395
9094,-3.092895509
9095,5.423054819
9096,18.92816012
9097,8.339075327
9098,13.7169528
9099,13.52062026
9100,31.15691169
9101,3.163701863
9102,23.71679563
9103,10.54374407
9104,18.2648074
9105,10.23090533
9106,-8.173474182
9107,5.423054819
9108,96.34972858
9109,13.99136899
9110,12.90756666
9111,9.89172504
9112,19.84185625
9113,67.14618747
9114,19.76611712
9115,441.6399679
9116,11.54146921
9117,19.49768243
9118,16.57434924
9119,25.06262394
9120,424.8964737
9121,-0.590682234
9122,14.83336209
9123,10.39050175
9124,13.97245937
9125,0.387051201
9126,6.230926537
9127,1.651983265
9128,-205.9245452
9129,20.04930134
9130,24.53103334
9131,10.45489325
9132,347.8756925
9133,27.64093603
9134,2343.800335
9135,-142.4197974
9136,24.26933167
9137,9.269360526
9138,45.90341822
9139,15.22163555
9140,13.23776985
9141,-96.68294491
9142,-12.11795679
9143,9.269360526
9144,29.4029229
9145,23.56173884
9146,23.05475079
9147,58.65771273
9148,22.87566264
9149,110.065406
9150,9.89172504
9151,0.158728053
9152,474.9417393
9153,42.46080948
9154,61.39574971
9155,315.3588088
9156,5.334203999
9157,20.89282722
9158,-4.873431127
9159,29.06436101
9160,41.76116121
9161,20.93953679
9162,-46.74678053
9163,5.828293165
9164,5.762235107
9165,5.762235107
9166,30.66295438
9167,-14.49117998
9168,-3.183474402
9169,26.93542655
9170,-3.594353051
9171,37.47996925
9172,8.696390402
9173,2.380571913
9174,23.56173884
9175,10.04496736
9176,11.2153704
9177,39.16787537
9178,19.77111065
9179,56.65322393
9180,66.39639419
9181,18.70365308
9182,48.87629953
9183,-45.73967372
9184,14.33190455
9185,33.23568839
9186,13.83312784
9187,60.00098951
9188,2.041391625
9189,34.6301131
9190,18.35365822
9191,10.31975615
9192,9.389346815
9193,10.12022579
9194,13.31248428
9195,12.27527453
9196,1.372985166
9197,19.36615249
9198,48.54935223
9199,34.26057854
9200,22.23438215
9201,31.08616609
9202,197.7771782
9203,231.6849963
9204,40.31076591
9205,14.67507983
9206,429.7277742
9207,48.02962639
9208,20.89948446
9209,14.4901457
9210,-28.40488425
9211,19.01226375
9212,11.34175606
9213,10.72968204
9214,177.8368534
9215,-41.07018386
9216,20.15057013
9217,-98.60837169
9218,13.75617216
9219,12.97211441
9220,38.74480034
9221,135.0808455
9222,5.071264058
9223,-216.9489109
9224,52.81938843
9225,3.675513626
9226,13.42590167
9227,49.85700989
9228,25.6308946
9229,17.98287955
9230,259.0358941
9231,16.21559603
9232,3.583822519
9233,47.04353124
9234,17.89352909
9235,10.6190025
9236,171.7672534
9237,23.21782268
9238,43.47512526
9239,214.3993846
9240,21.87020482
9241,6.344665686
9242,6.344665686
9243,43.42029392
9244,16.136167
9245,25.60338491
9246,310.5894485
9247,-20.61127268
9248,42.22289552
9249,18.2627995
9250,57.90917661
9251,54.10837373
9252,126.6080766
9253,14.67108484
9254,4.025257331
9255,-27.24940601
9256,-47.26457551
9257,35.27429933
9258,5.762235107
9259,5.016682762
9260,4.644240544
9261,29.85341298
9262,29.55599497
9263,3.20895938
9264,-28.08327037
9265,-15.35157945
9266,0.316305596
9267,46.53442639
9268,18.69437028
9269,1.722728871
9270,18.68199325
9271,5.218313174
9272,2.318852002
9273,48.80555393
9274,-14.49117998
9275,60.42436356
9276,2.041391625
9277,-35.59972807
9278,-117.4588148
9279,33.50921206
9280,12.46461556
9281,33.06375066
9282,14.26115894
9283,14.10156252
9284,8.678255615
9285,4.597416586
9286,7.845568411
9287,106.9207417
9288,22.63711185
9289,-11.53419055
9290,17.54320881
9291,7.854043773
9292,-13.56956912
9293,-117.1196345
9294,14.84618456
9295,24.39969584
9296,27.34572881
9297,-52.63687348
9298,10.39318258
9299,18.10540404
9300,13.03647252
9301,11.24136701
9302,24.88977346
9303,13.76238223
9304,14.39082924
9305,14.01939697
9306,56.24329804
9307,65.98182218
9308,14.26115894
9309,-127.174139
9310,20.82873886
9311,13.83312784
9312,49.51238425
9313,-28.06570396
9314,66.0572139
9315,153.3262301
9316,45.22184617
9317,3.205782981
9318,10.39050175
9319,4.023714083
9320,12.74655491
9321,-3.52265469
9322,-14.20886099
9323,-14.20886099
9324,-14.20886099
9325,4.025257331
9326,-12.38639147
9327,13.66867065
9328,19.82473513
9329,-5.726650323
9330,21.96517879
9331,14.26115894
9332,65.98182218
9333,39.23862097
9334,38.95481208
9335,211.995648
9336,46.91921108
9337,22.56636624
9338,14.99291253
9339,13.76238223
9340,19.95302841
9341,30.80240047
9342,14.05504705
9343,-45.93048258
9344,41.90618561
9345,10.31975615
9346,3.613788189
9347,6.160180931
9348,-12.45713708
9349,5.423054819
9350,56.63119202
9351,9.89172504
9352,11.425452
9353,13.96279813
9354,14.67108484
9355,9.814846813
9356,-15.25839138
9357,14.83336209
9358,-200.6584196
9359,8.07311338
9360,5.493800425
9361,28.90595565
9362,39.23862097
9363,-39.04303617
9364,13.83312784
9365,-52.93684081
9366,4.335866763
9367,4.936640766
9368,0.72623149
9369,10.0832815
9370,228.2415589
9371,262.6690315
9372,13.6462072
9373,33.89829949
9374,10.28241725
9375,12.83682105
9376,47.6465509
9377,9.820979434
9378,19.27399067
9379,10.72968204
9380,13.74552366
9381,14.17230812
9382,61.39574971
9383,29.24631739
9384,261.2693588
9385,10.04496736
9386,9.89172504
9387,7.337403692
9388,-27.33771803
9389,14.41940009
9390,-40.71956264
9391,2045.239875
9392,5.493800425
9393,12.89858956
9394,-12.38639147
9395,376.8010869
9396,-1.630351051
9397,10.45489325
9398,5.423054819
9399,35.01293199
9400,49.47087875
9401,9.869132666
9402,59.83501518
9403,13.83312784
9404,14.60033923
9405,22.56636624
9406,-14.75961467
9407,13.40634337
9408,5.096193299
9409,14.33190455
9410,18.99890572
9411,13.74552366
9412,18.10238629
9413,31.21232636
9414,6.499361219
9415,10.39050175
9416,14.26115894
9417,-14.13811538
9418,83.65231617
9419,25.1046082
9420,-15.14590292
9421,4.544677842
9422,5.493800425
9423,49.47087875
9424,12.83682105
9425,10.38414765
9426,7.44404775
9427,9.89172504
9428,12.90756666
9429,5.557493462
9430,5.832980713
9431,-27.55516874
9432,12.40737462
9433,3.996686475
9434,35.88169115
9435,0.427970409
9436,-27.51784069
9437,119.3493832
9438,6.741234089
9439,21.59552276
9440,13.38767486
9441,4.410239198
9442,4.134751948
9443,-92.11768326
9444,15.94203681
9445,-44.83013892
9446,22.06426866
9447,10.13756735
9448,-4.445400019
9449,-8.102728576
9450,10.0832815
9451,10.42350892
9452,14.88245526
9453,10.61448968
9454,48.6127441
9455,-12.45713708
9456,-41.61639846
9457,7.326018602
9458,22.56636624
9459,34.79511782
9460,5.096193299
9461,51.24056907
9462,22.48520772
9463,124.5451981
9464,-114.5717524
9465,-3.112728796
9466,4.025206457
9467,12.90756666
9468,38.63904472
9469,37.36231995
9470,99.8715952
9471,3.56182634
9472,5.423054819
9473,52.44376006
9474,-281.8121246
9475,5.493800425
9476,-10.45280264
9477,-27.5885863
9478,-87.75872207
9479,-15.5039956
9480,55.89283674
9481,35.27392589
9482,47.24852897
9483,9.269360526
9484,111.8464422
9485,111.8464422
9486,244.3004213
9487,18.53123418
9488,87.63967474
9489,23.97166473
9490,18.03164069
9491,19.42693683
9492,31.49609198
9493,22.5875433
9494,18.1920539
9495,63.49656036
9496,13.40634337
9497,23.13588856
9498,83.47872969
9499,10.11571296
9500,-147.8752446
9501,-87.14733833
9502,10.88292436
9503,25.30949406
9504,27.48415428
9505,33.62453536
9506,187.4345376
9507,30.18231398
9508,6.799789713
9509,16.136167
9510,11.3547064
9511,8.698422888
9512,-16.72915187
9513,24.13126116
9514,29.11905479
9515,18.41723505
9516,26.65626865
9517,20.40070775
9518,13.83312784
9519,17.91845834
9520,14.17230812
9521,-27.5885863
9522,3.954511725
9523,15.33888186
9524,22.63711185
9525,20.40070775
9526,62.36666447
9527,9.820979434
9528,-14.83036027
9529,11.00500034
9530,-145.8524387
9531,220.675088
9532,5.493800425
9533,9.820979434
9534,13.76238223
9535,13.76238223
9536,2.061909159
9537,32.08215317
9538,9.89172504
9539,-14.75961467
9540,5.378666963
9541,16.59328901
9542,39.29033567
9543,3.005392898
9544,11.92422872
9545,7.774822805
9546,120.4772254
9547,100.1394433
9548,10.39050175
9549,59.92343976
9550,20.32996215
9551,21.01028239
9552,53.59794425
9553,11.12608886
9554,21.12734407
9555,15.35668176
9556,33.23135997
9557,8.769051103
9558,26.75787043
9559,88.40703642
9560,459.21069
9561,109.9881341
9562,181.3149725
9563,79.09757641
9564,175.3140825
9565,48.89790862
9566,5.0097432
9567,225.6979563
9568,250.1153284
9569,10.78119396
9570,18.1920539
9571,30.32976279
9572,25.60338491
9573,66.05256778
9574,15.51627818
9575,97.06164855
9576,9.89172504
9577,9.89172504
9578,20.86173102
9579,16.22534215
9580,66.39174807
9581,10.95366997
9582,14.67108484
9583,-159.6129156
9584,-2.343431509
9585,-0.111725512
9586,17.8548815
9587,70.78732799
9588,16.5460929
9589,10.04496736
9590,-79.39715798
9591,-56.36538933
9592,15.90161513
9593,50.37958135
9594,-25.71004718
9595,13.98581581
9596,34.45762794
9597,16.48993607
9598,10.11571296
9599,11.425452
9600,13.83312784
9601,24.01222832
9602,13.83312784
9603,12.90756666
9604,1.604380314
9605,4.52667098
9606,13.40634337
9607,438.7823379
9608,16.44685327
9609,13.67477805
9610,18.1920539
9611,14.39082924
9612,18.60116301
9613,8.224447249
9614,16.55711911
9615,-67.49128807
9616,15.41570688
9617,8.98208911
9618,1371.120009
9619,13.83312784
9620,10.11571296
9621,-240.2708897
9622,22.90554653
9623,10.16015972
9624,34.56477579
9625,49.81005904
9626,10.38414765
9627,23.56173884
9628,14.33458538
9629,11.12608886
9630,18.2627995
9631,11.69388668
9632,10.38414765
9633,16.45158353
9634,13.97747893
9635,35.38291444
9636,22.63711185
9637,14.91693017
9638,2.599020841
9639,10.35316286
9640,-99.67109519
9641,13.40634337
9642,6.870535318
9643,18.4445655
9644,6.998223404
9645,13.50907423
9646,12.59879804
9647,13.24674694
9648,-67.97124111
9649,3.707037236
9650,18.05674662
9651,11.46535494
9652,14.25720863
9653,15.46967158
9654,144.6820628
9655,1.991163553
9656,-91.58702088
9657,6.683845974
9658,274.7922447
9659,-10.11260105
9660,15.18276981
9661,18.41723505
9662,-71.73432358
9663,1.400107926
9664,-26.66697543
9665,-26.66697543
9666,3.707037236
9667,-2.743487789
9668,-26.66697543
9669,10.45489325
9670,75.89675328
9671,37.70150024
9672,56.24329804
9673,12.18143134
9674,105.1512302
9675,-9.5763272
9676,14.24089405
9677,11.30575851
9678,-139.8827569
9679,22.19184379
9680,-7.005799883
9681,65.9697982
9682,48.81969892
9683,261.6836944
9684,35.0858086
9685,38.1260909
9686,120.687688
9687,28.30038156
9688,13.75843192
9689,14.59450325
9690,85.85170903
9691,13.33559776
9692,18.80339779
9693,9.408686784
9694,35.16971238
9695,7.047567986
9696,19.11366476
9697,27.00845087
9698,-26.89322482
9699,-44.90006498
9700,-26.89322482
9701,-27.14409309
9702,-4.944176733
9703,13.33559776
9704,61.39574971
9705,4.025257331
9706,10.0832815
9707,-12.33872251
9708,4.095952063
9709,8.769168494
9710,-52.25030681
9711,5.423054819
9712,57.19393624
9713,9.820979434
9714,8.07311338
9715,1.722728871
9716,-8.102728576
9717,14.88245526
9718,-144.1135574
9719,9.814846813
9720,289.4421455
9721,87.22974884
9722,-182.9447656
9723,49.04527073
9724,14.05504705
9725,-14.13811538
9726,5.493800425
9727,249.7731739
9728,34.55955973
9729,-94.69113385
9730,-11.67420206
9731,151.8854669
9732,35.93312603
9733,31.64035747
9734,68.3653729
9735,-127.6340558
9736,-49.63612379
9737,14.88245526
9738,43.69285958
9739,24.06051555
9740,1.265200026
9741,22.37510468
9742,18.60197979
9743,14.67108484
9744,10.96649244
9745,21.77262536
9746,69.08633259
9747,7.859231101
9748,-0.625764419
9749,331.6421534
9750,47.02041689
9751,318.0156059
9752,39.31747533
9753,10.61448968
9754,100.1394433
9755,105.974584
9756,10.61448968
9757,18.41723505
9758,19.49768243
9759,36.93210598
9760,-28.06570396
9761,23.64605002
9762,-38.8705815
9763,21.96517879
9764,14.33190455
9765,9.299610347
9766,1.153206552
9767,5.423054819
9768,-26.69476928
9769,236.4969336
9770,5.493800425
9771,-14.75961467
9772,9.869132666
9773,28.45723398
9774,65.48304547
9775,13.40634337
9776,136.5624785
9777,11.12608886
9778,15.88616187
9779,5.715987382
9780,193.6773343
9781,49.96965546
9782,-86.80815804
9783,2.061909159
9784,-50.71968501
9785,48.57457162
9786,8.858254734
9787,22.07478573
9788,18.52239682
9789,-189.7029554
9790,9.299610347
9791,-14.91921109
9792,4.924278106
9793,0.901331213
9794,46.45560959
9795,46.34968876
9796,39.66665208
9797,15.34496127
9798,25.60338491
9799,0.655485884
9800,70.78732799
9801,43.76360518
9802,19.49768243
9803,14.10156252
9804,21.99352305
9805,-284.5700807
9806,66.0572139
9807,142.9402412
9808,10.39050175
9809,3.402300651
9810,35.61310618
9811,5.832980713
9812,2.380571913
9813,11.58342942
9814,-44.04865727
9815,-44.11940287
9816,-12.38639147
9817,5.661404218
9818,-0.182471118
9819,-3.591672222
9820,10.67952068
9821,-18.00771717
9822,2.061909159
9823,0.316305596
9824,314.5213087
9825,14.33190455
9826,6.160180931
9827,-5.318673977
9828,10.11571296
9829,13.83312784
9830,-43.59993554
9831,32.32751757
9832,-24.02512195
9833,13.83365256
9834,33.69528097
9835,-5.212611415
9836,4.719536461
9837,31.82874086
9838,68.81624641
9839,10.54374407
9840,18.3738199
9841,13.90780091
9842,34.59294451
9843,12.33459653
9844,17.19105266
9845,65.59323233
9846,10.14789883
9847,12.43920162
9848,5.832980713
9849,17.84086942
9850,13.83312784
9851,10.45489325
9852,407.692299
9853,36.56195964
9854,52.28447977
9855,29.69381655
9856,558.2888169
9857,-407.3896696
9858,-19.52771145
9859,10.16015972
9860,34.56477579
9861,14.10156252
9862,28.92751018
9863,11.73755728
9864,3.573627757
9865,-27.33771803
9866,-482.7514425
9867,15.33064783
9868,14.10156252
9869,65.82222575
9870,30.59819747
9871,-35.75631192
9872,-4.713834702
9873,4.025257331
9874,58.72845834
9875,75.89675328
9876,9.608540815
9877,39.95357849
9878,64.29250007
9879,31.49609198
9880,10.62731215
9881,10.45489325
9882,21.6297412
9883,-10.11260105
9884,2243.928863
9885,13.33559776
9886,9.744101207
9887,34.72437222
9888,18.1920539
9889,52.44376006
9890,27.34939594
9891,4.962802561
9892,-15.43325
9893,48.57836301
9894,13.2387491
9895,150.7627453
9896,-0.964405988
9897,9.820979434
9898,5.761304804
9899,13.18941211
9900,17.63190624
9901,9.820212457
9902,23.12683922
9903,2.061909159
9904,18.2627995
9905,14.9041077
9906,28.99825578
9907,13.599338
9908,9.869132666
9909,389.4128279
9910,15.88616187
9911,9.321269398
9912,56.65322393
9913,-65.6878588
9914,-147.0079169
9915,4.606756868
9916,-45.93048258
9917,25.67413052
9918,10.61448968
9919,7.293624036
9920,-14.83036027
9921,11.19111986
9922,13.76238223
9923,18.11247093
9924,18.1920539
9925,26.86468094
9926,217.1696329
9927,10.16015972
9928,31.46451635
9929,22.90554653
9930,0.316305596
9931,57.16540477
9932,13.30702691
9933,61.8065334
9934,5.423054819
9935,22.63074243
9936,52.85368595
9937,29.22581696
9938,14.17283285
9939,12.90756666
9940,15.98921931
9941,30.90489026
9942,13.83312784
9943,404.095568
9944,39.23862097
9945,14.91693017
9946,23.13588856
9947,62.86544118
9948,-1831.1834
9949,19.49768243
9950,35.20318029
9951,5.832980713
9952,6.033270145
9953,55.32331442
9954,4.865851269
9955,13.33559776
9956,14.26115894
9957,10.04496736
9958,20.32996215
9959,8.44832884
9960,45.83267262
9961,15.31663955
9962,13.33559776
9963,10.11571296
9964,65.55379107
9965,226.5143821
9966,8.58225908
9967,50.90138878
9968,11.06298897
9969,29.87351621
9970,-7.834293894
9971,-26.99853774
9972,-13.8696807
9973,-53.04679937
9974,1.651983265
9975,-38.96865605
9976,40.11587715
9977,25.76036299
9978,62.51266931
9979,49.44200131
9980,453.7025358
9981,71.34921738
9982,24.45637945
9983,24.05597592
9984,18.2648074
9985,31.21232636
9986,62.63509915
9987,14.33458538
9988,58.65771273
9989,1.671870775
9990,1.098358343
9991,14.26115894
9992,32.55667485
9993,13.97245937
9994,3.176736912
